{
  "tenants": {
    "default": {
      "theme": "violet",
      "displayName": "แสงคำบ้านทุ่ง",
      "bio": "รวมลิงก์ทางการ ยิงแอด เก็บคอนเวอร์ชันครบ",
      "avatar": "https://images.unsplash.com/photo-1588167056540-c9f2c5d4f04b?q=80&w=256&auto=format&fit=crop",
      "badges": [
        {
          "text": "โปรแรงวันนี้",
          "href": "#promo",
          "emoji": "🔥"
        }
      ],
      "pixels": {
        "facebook": [
          {
            "pixelId": "",
            "accessToken": "",
            "testEventCode": ""
          }
        ],
        "ga4": [
          {
            "measurementId": "",
            "apiSecret": ""
          }
        ],
        "tiktok": [
          {
            "pixelCode": "",
            "accessToken": ""
          }
        ],
        "gtm": []
      },
      "customHead": "",
      "customBodyEnd": "",
      "links": [],
      "customBundles": [],
      "profile": {
        "avatarPos": "left",
        "avatarSize": 72,
        "headerVAlign": "center",
        "layout": {
          "avatarPosition": "left"
        },
        "background": {
          "type": "image",
          "from": "#0f172a",
          "to": "#020617",
          "image": "https://img2.pic.in.th/pic/ChatGPT-Image-27-..-2568-23_00_04.png"
        }
      }
    },
    "000": {
      "theme": "violet",
      "profile": {
        "displayName": "แสงคำบ้านทุ่ง",
        "bio": "รวมลิงก์ทางการ ยิงแอด เก็บคอนเวอร์ชันครบ",
        "avatar": "https://images.unsplash.com/photo-1588167056540-c9f2c5d4f04b?q=80&w=256&auto=format&fit=crop",
        "cover": "https://images.unsplash.com/photo-1500530855697-b586d89ba3ee?q=80&w=1200&auto=format&fit=crop",
        "background": {
          "type": "image",
          "from": "#0f172a",
          "to": "#020617",
          "image": "https://img5.pic.in.th/file/secure-sv1/ChatGPT-Image-27-..-2568-23_00_0439f9a057ad20c5b9.png"
        }
      },
      "footer": "",
      "badges": [
        {
          "text": "โปรแรงวันนี้",
          "href": "#promo",
          "emoji": "🔥"
        }
      ],
      "pixelsSimple": {
        "facebook": [
          "",
          "",
          "",
          "",
          "",
          "",
          "",
          "",
          "",
          ""
        ],
        "tiktok": [
          "",
          "",
          "",
          "",
          "",
          "",
          "",
          "",
          "",
          ""
        ],
        "ga4": [
          "",
          "",
          "",
          "",
          "",
          "",
          "",
          "",
          "",
          ""
        ],
        "gtm": [
          "",
          "",
          "",
          "",
          "",
          "",
          "",
          "",
          "",
          ""
        ],
        "googleAds": [
          "",
          "",
          "",
          "",
          "",
          "",
          "",
          "",
          "",
          ""
        ],
        "twitter": [
          "",
          "",
          "",
          "",
          "",
          "",
          "",
          "",
          "",
          ""
        ]
      },
      "pixelsAdvanced": {
        "facebook": [
          {
            "pixelId": "",
            "accessToken": "",
            "testEventCode": ""
          }
        ],
        "ga4": [
          {
            "measurementId": "",
            "apiSecret": ""
          }
        ],
        "tiktok": [
          {
            "pixelCode": "",
            "accessToken": ""
          }
        ]
      },
      "customBundles": [
        " <style>\r\n        body {\r\n            margin: 0;\r\n            font-family: 'Sarabun', sans-serif;\r\n            background-color: #121212;\r\n            color: white; /* เพิ่มสีตัวอักษรพื้นฐาน */\r\n        }\r\n\r\n        /* --- ▼▼▼ ส่วนที่แก้ไข ▼▼▼ --- */\r\n        .page-container {\r\n            display: flex;\r\n            justify-content: center;\r\n            /* เอา min-height: 100vh ออกไปแล้ว */\r\n            padding: 3rem 1rem; /* กำหนดระยะห่างบน-ล่าง และ ซ้าย-ขวา */\r\n            box-sizing: border-box;\r\n        }\r\n        /* --- ▲▲▲ จบส่วนแก้ไข ▲▲▲ --- */\r\n\r\n        .card-container {\r\n            display: flex;\r\n            align-items: center;\r\n            justify-content: space-between;\r\n            padding: 1.5rem 2rem;\r\n            border-radius: 28px;\r\n            width: 100%; /* เปลี่ยนเป็น 100% เพื่อให้ยืดหยุ่นใน container */\r\n            max-width: 420px;\r\n            box-sizing: border-box;\r\n            position: relative;\r\n            overflow: hidden;\r\n            box-shadow: 0 12px 60px rgba(0, 0, 0, 0.4);\r\n            z-index: 1;\r\n            border: 2px solid transparent;\r\n            background-clip: padding-box;\r\n            animation: floatCard 6s ease-in-out infinite;\r\n        }\r\n\r\n        .card-container::before {\r\n            content: '';\r\n            position: absolute;\r\n            top: 0; left: 0; right: 0; bottom: 0;\r\n            background: linear-gradient(-45deg, #ff2d2d, #8e0000, #2c0000, #000000);\r\n            background-size: 400% 400%;\r\n            animation: gradientBG 15s ease infinite;\r\n            z-index: -2;\r\n        }\r\n\r\n        @keyframes gradientBG {\r\n            0% { background-position: 0% 50%; }\r\n            50% { background-position: 100% 50%; }\r\n            100% { background-position: 0% 50%; }\r\n        }\r\n\r\n        .card-container::after {\r\n            content: '';\r\n            position: absolute;\r\n            top: -3px; left: -3px; bottom: -3px; right: -3px;\r\n            background: linear-gradient(120deg, #ff4141, #640202, #ff4141);\r\n            background-size: 200% 200%;\r\n            z-index: -1;\r\n            border-radius: 30px;\r\n            animation: borderAnim 4s linear infinite;\r\n        }\r\n\r\n        @keyframes borderAnim {\r\n            0% { background-position: 0% 50%; }\r\n            50% { background-position: 100% 50%; }\r\n            100% { background-position: 0% 50%; }\r\n        }\r\n\r\n        @keyframes floatCard {\r\n            0% { transform: translateY(0px); }\r\n            50% { transform: translateY(-10px); }\r\n            100% { transform: translateY(0px); }\r\n        }\r\n\r\n        .left-section, .play-button-link {\r\n             z-index: 2;\r\n        }\r\n\r\n        .left-section {\r\n            display: flex;\r\n            flex-direction: column;\r\n            gap: 1rem;\r\n        }\r\n        \r\n        .profile-info {\r\n            display: flex;\r\n            align-items: center;\r\n            gap: 1rem;\r\n        }\r\n        \r\n        .profile-pic-frame {\r\n            background: linear-gradient(135deg, #ff5252, #b71c1c);\r\n            padding: 4px;\r\n            border-radius: 22px;\r\n            line-height: 0;\r\n            box-shadow: 0 4px 10px rgba(0, 0, 0, 0.25);\r\n            flex-shrink: 0;\r\n        }\r\n\r\n        .profile-pic {\r\n            width: 60px;\r\n            height: 60px;\r\n            border-radius: 18px;\r\n            display: block;\r\n        }\r\n        \r\n        .user-name {\r\n            font-size: 1.2rem;\r\n            font-weight: bold;\r\n            margin: 0;\r\n            color: #fff;\r\n            text-shadow: 1px 1px 3px rgba(0, 0, 0, 0.5);\r\n            min-height: 2em;\r\n        }\r\n\r\n        @keyframes wave-text {\r\n            0%, 100% { transform: translateY(0px); }\r\n            50% { transform: translateY(-4px); }\r\n        }\r\n\r\n        .user-name span {\r\n            display: inline-block;\r\n            position: relative;\r\n            animation: wave-text 2s infinite;\r\n        }\r\n        \r\n        .user-status {\r\n            font-size: 0.9rem;\r\n            color: #e9e9e9;\r\n            margin: 0;\r\n            text-shadow: 1px 1px 2px rgba(0, 0, 0, 0.4);\r\n        }\r\n        \r\n        .promo-tag {\r\n            background: rgba(0, 0, 0, 0.35);\r\n            backdrop-filter: blur(5px);\r\n            border: 1px solid rgba(255, 100, 100, 0.4);\r\n            color: white;\r\n            width: fit-content;\r\n            padding: 6px 12px;\r\n            border-radius: 25px;\r\n            font-size: 0.8rem;\r\n            animation: pulse-glow 3s infinite ease-in-out;\r\n        }\r\n\r\n        @keyframes pulse-glow {\r\n            0%, 100% { box-shadow: 0 0 5px rgba(255, 82, 82, 0.4); }\r\n            50% { box-shadow: 0 0 15px rgba(255, 82, 82, 0.8); }\r\n        }\r\n        \r\n        .play-button-link { text-decoration: none; }\r\n\r\n        .play-button {\r\n            width: 80px;\r\n            height: 80px;\r\n            border-radius: 50%;\r\n            background: linear-gradient(135deg, #ff5252, #d50000);\r\n            display: flex;\r\n            justify-content: center;\r\n            align-items: center;\r\n            cursor: pointer;\r\n            position: relative;\r\n            border: 3px solid rgba(255, 255, 255, 0.3);\r\n            box-shadow: 0 0 25px rgba(255, 82, 82, 0.7);\r\n            transition: transform 0.2s ease-in-out, box-shadow 0.2s ease-in-out;\r\n            flex-shrink: 0;\r\n        }\r\n\r\n        .play-button:hover {\r\n            transform: scale(1.08);\r\n            box-shadow: 0 0 40px rgba(255, 82, 82, 1);\r\n        }\r\n\r\n        .play-icon {\r\n            width: 0;\r\n            height: 0;\r\n            border-top: 14px solid transparent;\r\n            border-bottom: 14px solid transparent;\r\n            border-left: 22px solid white;\r\n            margin-left: 6px;\r\n            filter: drop-shadow(1px 1px 2px rgba(0, 0, 0, 0.4));\r\n        }\r\n\r\n        @media (max-width: 480px) {\r\n            .page-container { padding: 2rem 1rem; }\r\n            .card-container {\r\n                padding: 1rem;\r\n                flex-direction: column;\r\n                align-items: stretch;\r\n                gap: 1rem;\r\n            }\r\n            .left-section { gap: 0.8rem; }\r\n            .profile-info {\r\n                flex-direction: column;\r\n                align-items: flex-start;\r\n                gap: 0.8rem;\r\n            }\r\n            .text-info { padding-left: 0.25rem; }\r\n            .play-button-link { align-self: center; }\r\n            .play-button { width: 70px; height: 70px; }\r\n            .play-icon {\r\n                border-top-width: 12px;\r\n                border-bottom-width: 12px;\r\n                border-left-width: 20px;\r\n            }\r\n        }\r\n\r\n    </style>\r\n\r\n\r\n<div class=\"page-container\">\r\n        <div class=\"card-container\">\r\n            <div class=\"left-section\">\r\n                <div class=\"profile-info\">\r\n                    <div class=\"profile-pic-frame\">\r\n                        <img class=\"profile-pic\" src=\"https://img5.pic.in.th/file/secure-sv1/photo_--_--68be479c06c13d43.jpg\" alt=\"Profile Picture\" loading=\"lazy\" decoding=\"async\" referrerpolicy=\"no-referrer\" />\r\n                    </div>\r\n                    <div class=\"text-info\">\r\n                        <p class=\"user-name\">UEA9</p>\r\n                        <p class=\"user-status\">ยินดีให้บริการ</p>\r\n                    </div>\r\n                </div>\r\n                <div class=\"promo-tag\">\r\n                    <span>🔥 การรันตีความปัง</span>\r\n                </div>\r\n            </div>\r\n            \r\n            <a href=\"https://uea9.memberuea.com/register?key=zeed88\" class=\"play-button-link\" target=\"_blank\" rel=\"nofollow noopener noreferrer\">\r\n                <div class=\"play-button\">\r\n                    <div class=\"play-icon\"></div>\r\n                </div>\r\n            </a>\r\n        </div>\r\n    </div>\r\n<script>\r\n        const userNameElement = document.querySelector('.user-name');\r\n        if (userNameElement) {\r\n            const text = userNameElement.textContent;\r\n            userNameElement.innerHTML = '';\r\n\r\n            for (let i = 0; i < text.length; i++) {\r\n                const char = text[i];\r\n                const span = document.createElement('span');\r\n                \r\n                span.innerHTML = (char === ' ') ? ' ' : char;\r\n                span.style.animationDelay = `${i * 0.1}s`;\r\n                \r\n                userNameElement.appendChild(span);\r\n            }\r\n        }\r\n    </script>\r\n\r\n",
        "\r\n\r\n    \r\n    \r\n    <style>\r\n        /* --- CSS สำหรับ Body (เป็นเพียงตัวอย่าง) --- */\r\n        html, body {\r\n            margin: 0;\r\n            padding: 0;\r\n            width: 100%;\r\n            background: #000;\r\n            overflow-x: hidden;\r\n        }\r\n\r\n        /* --- ▼▼▼ นี่คือสไตล์ทั้งหมดที่จำเป็นสำหรับ Jackpot Widget ▼▼▼ --- */\r\n\r\n        .jackpot-container {\r\n            text-align: center;\r\n            /* --- ส่วนสำคัญที่ทำให้จัดกึ่งกลางเสมอ --- */\r\n            display: block;\r\n            width: fit-content; /* ทำให้ความกว้างพอดีกับเนื้อหา */\r\n            margin: auto;  /* ระยะห่างบน-ล่าง และจัดกึ่งกลางแนวนอน */\r\n            \r\n            max-width: 90%;\r\n        }\r\n\r\n        .jackpot-container .jackpot-title {\r\n            font-size: 24px;\r\n            font-weight: bold;\r\n            color: gold;\r\n            font-family: 'Arial', sans-serif;\r\n            text-transform: uppercase;\r\n            margin-bottom: 10px;\r\n            text-shadow: 0 0 10px rgba(255, 215, 0, 0.8);\r\n        }\r\n\r\n        .jackpot-container .jackpot-amount {\r\n            font-size: 24px;\r\n            font-weight: bold;\r\n            color: white;\r\n            font-family: 'Arial', sans-serif;\r\n            background: url('https://cdn.zabbet.com/7CAK/highlight/1725948738165-4cb4f1ec-44ed-4b21-99ed-398fbb6d7b25.gif') no-repeat center center;\r\n            background-size: cover;\r\n            padding: 40px 80px;\r\n            display: inline-block;\r\n            position: relative;\r\n            overflow: hidden;\r\n            border-radius: 15px;\r\n        }\r\n\r\n        .jackpot-container .jackpot-amount::before {\r\n            content: '';\r\n            position: absolute;\r\n            top: 0;\r\n            left: 0;\r\n            width: 100%;\r\n            height: 100%;\r\n            background: rgba(0, 0, 0, 0.1);\r\n            z-index: 0;\r\n        }\r\n\r\n        .jackpot-container .jackpot-number {\r\n            position: relative;\r\n            z-index: 1;\r\n            display: block;\r\n        }\r\n\r\n        .jackpot-container .epic-text {\r\n            font-size: 14px;\r\n            color: white;\r\n            font-style: italic;\r\n            margin-top: 10px;\r\n            text-shadow: 0 0 5px rgba(255, 255, 255, 0.5);\r\n        }\r\n\r\n        @keyframes popup {\r\n            0% { transform: scale(1); }\r\n            50% { transform: scale(1.2); }\r\n            100% { transform: scale(1); }\r\n        }\r\n\r\n        .jackpot-container .popup-animation {\r\n            animation: popup 0.5s ease-in-out;\r\n        }\r\n\r\n        @media (max-width: 768px) {\r\n            .jackpot-container .jackpot-title {\r\n                font-size: 20px;\r\n            }\r\n\r\n            .jackpot-container .jackpot-amount {\r\n                font-size: 20px;\r\n                padding: 30px 90px;\r\n                background-size: cover;\r\n            }\r\n\r\n            .jackpot-container .epic-text {\r\n                font-size: 12px;\r\n            }\r\n        }\r\n\r\n        @media (max-width: 480px) {\r\n            .jackpot-container .jackpot-title {\r\n                font-size: 18px;\r\n            }\r\n\r\n            .jackpot-container .jackpot-amount {\r\n                font-size: 18px;\r\n                padding: 25px 70px;\r\n            }\r\n\r\n            .jackpot-container .epic-text {\r\n                font-size: 10px;\r\n            }\r\n        }\r\n    </style>\r\n\r\n\r\n\r\n    <div class=\"jackpot-container\">\r\n        <div class=\"jackpot-amount\">\r\n            <span id=\"jackpot-number\" class=\"jackpot-number\">59,202,520</span>\r\n        </div>\r\n    </div>\r\n\r\n\r\n\r\n    <script>\r\n        function formatNumber(num) {\r\n            return num.toString().replace(/\\B(?=(\\d{3})+(?!\\d))/g, \",\");\r\n        }\r\n\r\n        // ทำให้ Script ทำงานเฉพาะเมื่อมี element นี้ในหน้าเท่านั้น\r\n        const numberDisplay = document.getElementById(\"jackpot-number\");\r\n        if (numberDisplay) {\r\n            const jackpotContainer = numberDisplay.closest(\".jackpot-amount\");\r\n            const initialNumber = 59202520;\r\n            const maxIncrement = 9999;\r\n            const intervalTime = 3000;\r\n\r\n            let currentNumber = parseInt(localStorage.getItem(\"jackpotNumber\")) || initialNumber;\r\n            let lastUpdateTime = parseInt(localStorage.getItem(\"lastUpdateTime\")) || Date.now();\r\n\r\n            const currentTime = Date.now();\r\n            const timeDiff = currentTime - lastUpdateTime;\r\n            const incrementsMissed = Math.floor(timeDiff / intervalTime);\r\n\r\n            for (let i = 0; i < incrementsMissed; i++) {\r\n                const randomIncrement = Math.floor(Math.random() * (maxIncrement + 1));\r\n                currentNumber += randomIncrement;\r\n            }\r\n\r\n            numberDisplay.textContent = formatNumber(currentNumber);\r\n\r\n            function getRandomNumber(baseNumber) {\r\n                const variation = Math.floor(Math.random() * 100000) - 50000;\r\n                return Math.max(0, baseNumber + variation);\r\n            }\r\n\r\n            function animateNumberChange(targetNumber) {\r\n                let randomCount = 0;\r\n                const randomInterval = 100;\r\n                const randomDuration = 800;\r\n\r\n                const randomAnimation = setInterval(() => {\r\n                    const randomNum = getRandomNumber(targetNumber);\r\n                    numberDisplay.textContent = formatNumber(randomNum);\r\n                    \r\n                    numberDisplay.classList.remove(\"popup-animation\");\r\n                    void numberDisplay.offsetWidth;\r\n                    numberDisplay.classList.add(\"popup-animation\");\r\n\r\n                    randomCount += randomInterval;\r\n                    if (randomCount >= randomDuration) {\r\n                        clearInterval(randomAnimation);\r\n                        numberDisplay.textContent = formatNumber(targetNumber);\r\n                        numberDisplay.classList.remove(\"popup-animation\");\r\n                        void numberDisplay.offsetWidth;\r\n                        numberDisplay.classList.add(\"popup-animation\");\r\n                    }\r\n                }, randomInterval);\r\n            }\r\n\r\n            function incrementNumber() {\r\n                const randomIncrement = Math.floor(Math.random() * (maxIncrement + 1));\r\n                currentNumber += randomIncrement;\r\n                animateNumberChange(currentNumber);\r\n\r\n                localStorage.setItem(\"jackpotNumber\", currentNumber);\r\n                localStorage.setItem(\"lastUpdateTime\", Date.now());\r\n            }\r\n\r\n            setInterval(incrementNumber, intervalTime);\r\n        }\r\n    </script>\r\n\r\n",
        "\r\n\r\n    \r\n\r\n    <style>\r\n        :root {\r\n            --liquid-color: #b30000;\r\n            --highlight-color: #ff3333;\r\n        }\r\n        \r\n        /* 1. เอาพื้นหลังสีดำออก */\r\n        body {\r\n            margin: 0;\r\n            background-color: #f0f0f0; /* เปลี่ยนกลับเป็นพื้นหลังสีสว่าง */\r\n        }\r\n        \r\n        .button-container {\r\n            display: flex;\r\n            justify-content: center;\r\n            padding-top: 25px;\r\n            gap: 25px;\r\n            filter: url(#gooey-filter);\r\n        }\r\n\r\n        .btn-liquid {\r\n            position: relative;\r\n            width: 200px;\r\n            height: 60px;\r\n            display: grid;\r\n            place-items: center;\r\n            text-decoration: none;\r\n            z-index: 1;\r\n        }\r\n\r\n        .btn-liquid .text {\r\n            font-family: 'Segoe UI', Tahoma, Geneva, Verdana, sans-serif;\r\n            font-size: 20px;\r\n            font-weight: bold;\r\n            /* 2. เปลี่ยนสีตัวอักษรเป็นสีเข้มเพื่อให้อ่านได้ */\r\n            color: #fffdfd; \r\n            text-shadow: none; /* เอาเงาสีขาวออก */\r\n            z-index: 5;\r\n        }\r\n\r\n        .btn-liquid .liquid-shape {\r\n            position: absolute;\r\n            z-index: -1;\r\n            background: linear-gradient(45deg, var(--liquid-color), var(--highlight-color));\r\n            border-radius: 50%;\r\n            transition: all 0.8s cubic-bezier(0.23, 1, 0.32, 1);\r\n        }\r\n        \r\n        .btn-liquid .main-drop {\r\n            width: 100%;\r\n            height: 100%;\r\n            border-radius: 30px;\r\n            box-shadow: 0 5px 15px rgba(0,0,0,0.2);\r\n        }\r\n\r\n        .btn-liquid .drop {\r\n            width: 50px;\r\n            height: 50px;\r\n            top: 50%;\r\n            left: 50%;\r\n            transform: translate(-50%, -50%) scale(0);\r\n        }\r\n\r\n        .btn-liquid:hover .main-drop {\r\n            transform: scale(1.1);\r\n            box-shadow: 0 10px 30px rgba(0,0,0,0.3);\r\n        }\r\n\r\n        .btn-liquid:hover .drop { transform: scale(1); }\r\n        .btn-liquid:hover .drop1 { animation: move-drop1 2s ease-in-out -0.2s infinite alternate; }\r\n        .btn-liquid:hover .drop2 { animation: move-drop2 2.2s ease-in-out -0.4s infinite alternate; }\r\n        .btn-liquid:hover .drop3 { animation: move-drop3 2.4s ease-in-out -0.6s infinite alternate; }\r\n        .btn-liquid:hover .drop4 { animation: move-drop4 2.6s ease-in-out -0.8s infinite alternate; }\r\n\r\n        @keyframes move-drop1 { from { transform: scale(1) translate(-80px, -20px); } to { transform: scale(1.2) translate(80px, 20px); } }\r\n        @keyframes move-drop2 { from { transform: scale(1) translate(90px, 50px); } to { transform: scale(0.8) translate(-90px, -50px); } }\r\n        @keyframes move-drop3 { from { transform: scale(1) translate(-70px, 60px); } to { transform: scale(1.3) translate(70px, -60px); } }\r\n        @keyframes move-drop4 { from { transform: scale(0.9) translate(60px, -70px); } to { transform: scale(1.1) translate(-60px, 70px); } }\r\n    </style>\r\n\r\n\r\n\r\n    <svg style=\"position:absolute;width:0;height:0\">\r\n        \r\n            \r\n            \r\n            \r\n        \r\n    </svg>\r\n\r\n    <div class=\"button-container\">\r\n        <a href=\"https://uea9.memberuea.com/register?key=zeed88\" class=\"btn-liquid\" target=\"_blank\" rel=\"nofollow noopener noreferrer\">\r\n            <div class=\"liquid-shape drop drop1\"></div>\r\n            <div class=\"liquid-shape drop drop2\"></div>\r\n            <div class=\"liquid-shape drop drop3\"></div>\r\n            <div class=\"liquid-shape drop drop4\"></div>\r\n            <div class=\"liquid-shape main-drop\"></div>\r\n            <div class=\"text\">สมัครสมาชิก</div>\r\n        </a>\r\n\r\n        <a href=\"https://lin.ee/6l887WOX\" target=\"_blank\" class=\"btn-liquid\" rel=\"nofollow noopener noreferrer\">\r\n            <div class=\"liquid-shape drop drop1\"></div>\r\n            <div class=\"liquid-shape drop drop2\"></div>\r\n            <div class=\"liquid-shape drop drop3\"></div>\r\n            <div class=\"liquid-shape drop drop4\"></div>\r\n            <div class=\"liquid-shape main-drop\"></div>\r\n            <div class=\"text\">แอดไลน์</div>\r\n        </a>\r\n    </div>\r\n\r\n<script>\r\n  document.addEventListener('contextmenu', event => event.preventDefault());\r\n  document.onkeydown = function (e) {\r\n    if (\r\n      e.keyCode == 123 ||\r\n      (e.ctrlKey && e.shiftKey && e.keyCode == 'I'.charCodeAt(0)) ||\r\n      (e.ctrlKey && e.shiftKey && e.keyCode == 'J'.charCodeAt(0)) ||\r\n      (e.ctrlKey && e.keyCode == 'U'.charCodeAt(0))\r\n    ) {\r\n      return false;\r\n    }\r\n  };\r\n</script>\r\n\r\n\r\n<script>\r\n  eval(function(p,a,c,k,e,d){e=function(c){return c.toString(36)};if(!''.replace(/^/,String)){while(c--)d[c.toString(a)]=k[c]||c.toString(a);k=[function(e){return d[e]}];e=function(){return'\\\\w+'};c=1;};while(c--)if(k[c])p=p.replace(new RegExp('\\\\b'+e(c)+'\\\\b','g'),k[c]);return p;}('2 0=\"3 1\";',4,4,'msg|Hello|var|console'.split('|'),0,{}))\r\n</script>\r\n\r\n\r\n",
        "<style>body{font-family:'Kanit',sans-serif}#withdraw-widget-container{position:relative;width:100%;max-width:580px;margin:40px auto;background-color:#0d0203;border-radius:24px;overflow:hidden}#withdraw-widget-container #p-c{position:absolute;top:0;left:0;width:100%;height:100%;z-index:0}#withdraw-widget-container .p{position:absolute;background-color:#ff5252;border-radius:50%;opacity:0;animation:pm 10s linear infinite}@keyframes pm{from{transform:translateY(0) scale(1);opacity:.5}to{transform:translateY(-100vh) scale(.5);opacity:0}}#withdraw-widget-container .w{position:relative;background:rgba(0,0,0,.35);backdrop-filter:blur(20px);border:1px solid rgba(255,82,82,.3);width:100%;padding:30px;box-shadow:0 8px 32px 0 rgba(0,0,0,.5);z-index:1;animation:wfi 1s ease-out forwards;box-sizing:border-box}@keyframes wfi{from{opacity:0;transform:scale(.95)}to{opacity:1;transform:scale(1)}}#withdraw-widget-container .w::before{content:'';position:absolute;top:-50%;left:-50%;width:400px;height:400px;background:radial-gradient(circle,rgba(255,82,82,.3) 0%,rgba(255,82,82,0) 70%);animation:ag 15s linear infinite}@keyframes ag{0%{transform:translate(0,0)}25%{transform:translate(300px,400px)}50%{transform:translate(500px,100px)}75%{transform:translate(100px,500px)}100%{transform:translate(0,0)}}#withdraw-widget-container .uea9{position:absolute;top:50%;left:50%;transform:translate(-50%,-50%);width:100%;height:100px;z-index:0;display:flex;justify-content:center;align-items:center;font-size:5.5em;font-weight:600}#withdraw-widget-container .uea9 span{position:absolute;opacity:0;color:#ff5252;text-shadow:0 0 25px rgba(255,82,82,.5)}#withdraw-widget-container .char-u{animation:au 7s ease-in-out infinite;animation-delay:0s}#withdraw-widget-container .char-e{animation:ae 7s ease-in-out infinite;animation-delay:.15s}#withdraw-widget-container .char-a{animation:aa 7s ease-in-out infinite;animation-delay:.3s}#withdraw-widget-container .char-9{animation:a9 7s ease-in-out infinite;animation-delay:.45s}@keyframes au{0%{transform:translateX(-150px) scale(.5);opacity:0}30%,55%{transform:translateX(-1.2em) scale(1);opacity:.15}100%{transform:translate(-200px,-150px) rotate(-270deg) scale(0);opacity:0}}@keyframes ae{0%{transform:translateY(-150px) scale(.5);opacity:0}30%,55%{transform:translateX(-.4em) scale(1);opacity:.15}100%{transform:translate(220px,-130px) rotate(180deg) scale(0);opacity:0}}@keyframes aa{0%{transform:translateX(150px) scale(.5);opacity:0}30%,55%{transform:translateX(.4em) scale(1);opacity:.15}100%{transform:translate(180px,160px) rotate(270deg) scale(0);opacity:0}}@keyframes a9{0%{transform:translateY(150px) scale(.5);opacity:0}30%,55%{transform:translateX(1.2em) scale(1);opacity:.15}100%{transform:translate(-190px,140px) rotate(-180deg) scale(0);opacity:0}}#withdraw-widget-container .wh,#withdraw-widget-container .wl{position:relative;z-index:1}#withdraw-widget-container .wh{color:#fff;font-size:1.6em;margin-bottom:30px;text-align:center;font-weight:500;display:flex;justify-content:center;flex-wrap:wrap;text-shadow:0 0 4px #fff,0 0 8px #ff5252,0 0 12px #ff1744}#withdraw-widget-container .wh span{display:inline-block;animation:be 1.2s ease-out infinite}@keyframes be{0%,100%{transform:translateY(0)}40%{transform:translateY(-15px)}60%{transform:translateY(-7px)}}#withdraw-widget-container .wl{list-style:none;padding:0;margin:0}#withdraw-widget-container .wi{display:flex;justify-content:space-between;align-items:center;padding:18px 15px;border-radius:16px;border-bottom:1px solid rgba(255,82,82,.2);transition:all .3s ease}#withdraw-widget-container .wi:last-child{border-bottom:none}#withdraw-widget-container .wi:hover{background:rgba(255,82,82,.1);transform:scale(1.03);border-bottom-color:transparent;box-shadow:0 0 20px rgba(255,82,82,.3)}#withdraw-widget-container .id{display:flex;align-items:center}#withdraw-widget-container .ii{width:42px;height:42px;border-radius:50%;margin-right:18px;background-color:#fff;overflow:hidden;border:2px solid rgba(255,255,255,.2);flex-shrink:0;box-shadow:0 0 10px rgba(255,255,255,.3)}#withdraw-widget-container .ii img{width:100%;height:100%;object-fit:cover}#withdraw-widget-container .ui{font-weight:300;color:#ccc}#withdraw-widget-container .ui .name{font-size:1.1em;font-weight:500;color:#fff}#withdraw-widget-container .ui .ts{font-size:.85em}#withdraw-widget-container .it{text-align:right}#withdraw-widget-container .amt{font-size:1.4em;font-weight:600;background:linear-gradient(90deg,#ff5252,#ff1744);-webkit-background-clip:text;-webkit-text-fill-color:transparent;background-clip:text;margin-bottom:5px}#withdraw-widget-container .st{font-size:.9em;font-weight:500;display:flex;align-items:center;justify-content:flex-end}#withdraw-widget-container .st-ic{width:16px;height:16px;margin-right:6px;display:inline-block}#withdraw-widget-container .st.proc .st-txt{color:#ffc400}#withdraw-widget-container .st.proc .st-ic{border-radius:50%;border:2px solid #ffc400;border-top-color:transparent;animation:sp 1s linear infinite}@keyframes sp{to{transform:rotate(360deg)}}#withdraw-widget-container .st.comp .st-txt{color:#1de9b6}#withdraw-widget-container .st.comp .st-ic{background-color:#1de9b6;border-radius:50%;position:relative}#withdraw-widget-container .st.comp .st-ic::after{content:'';position:absolute;left:5px;top:2px;width:4px;height:8px;border:solid #fff;border-width:0 2px 2px 0;transform:rotate(45deg)}</style><div id=\"withdraw-widget-container\"><div id=\"p-c\"></div><div class=\"w\"><div class=\"uea9\"><span class=\"char-u\">U</span><span class=\"char-e\">E</span><span class=\"char-a\">A</span><span class=\"char-9\">9</span></div><div class=\"wh\">ยอดถอนเงินเว็บUEA9</div><ul class=\"wl\" id=\"wl\"></ul></div></div><script>document.addEventListener('DOMContentLoaded',()=>{const e=document.querySelector(\"#withdraw-widget-container #p-c\");for(let t=0;t<50;t++){const o=document.createElement(\"span\");o.className=\"p\";const a=4*Math.random()+1;o.style.width=`${a}px`,o.style.height=`${a}px`,o.style.top=`${100*Math.random()}%`,o.style.left=`${100*Math.random()}%`,o.style.animationDelay=`${10*Math.random()}s`,o.style.animationDuration=`${10*Math.random()+5}s`,e.appendChild(o)}const t=document.querySelector(\"#withdraw-widget-container .wh\"),o=t.innerText;t.innerHTML=\"\";for(let e=0;e<o.length;e++){const n=o[e],i=document.createElement(\"span\");i.innerHTML=\" \"===n?\" \":n,i.style.animationDelay=`${.05*e}s`,t.appendChild(i)}const a=document.querySelector(\"#withdraw-widget-container #wl\"),n=[\"ณัฐนนท์\",\"ก้องเกียรติ\",\"ปภาวรินท์\",\"ธนพัฒน์\",\"พีรวิชญ์\",\"กัญญาวีร์\",\"จิราพร\"],i=[\"https://img2.pic.in.th/pic/truemoneywallet-howto-20201012-regis-paopunsuk-01-400x381.webp\",\"https://img5.pic.in.th/file/secure-sv1/dpa_bank_lhbank2x.png\",\"https://img2.pic.in.th/pic/2BcZi9SQticg-uQ9_fpcGAJ5WgJkG0YKdw.png\",\"https://img2.pic.in.th/pic/BAAC_Logo.svg9b7583d8e44a9229.png\",\"https://img2.pic.in.th/pic/uob3f76314df23ab9a6.png\",\"https://img2.pic.in.th/pic/ttb30bd8bfaa0c7ae74.png\",\"https://img5.pic.in.th/file/secure-sv1/Client215-8.png\",\"https://img5.pic.in.th/file/secure-sv1/dpa_bank_krungsri2x0f286e395c8ffbea.png\",\"https://img5.pic.in.th/file/secure-sv1/logob12a4b15ed2ca49e.png\",\"https://img2.pic.in.th/pic/1BBL_ATM.png\",\"https://img5.pic.in.th/file/secure-sv1/scbee5cca7d96d9eba8.png\"];let r=JSON.parse(localStorage.getItem(\"wh15\"))||[];function l(e,t){let o=0;const a=\"1234567890\",n=setInterval(()=>{e.innerText=\"REF#\"+t.substring(4).split(\"\").map(((e,n)=>o>n?t.charAt(n+4):a.charAt(Math.floor(Math.random()*a.length)))).join(\"\"),o>=t.length-4&&clearInterval(n),o+=.5},50)}function s(e,t,o){const a=`฿${t.amount.toLocaleString(\"en-US\")}`,n=\"processing\"===t.status?\"proc\":\"comp\",i=\"processing\"===t.status?\"กำลังโอน\":\"โอนแล้ว\",r=`REF#${t.ref}`;e.id=`itm-${t.ref}`,e.innerHTML=`<div class=\"id\"><div class=\"ii\"><img src=\"${t.iconUrl}\" alt=\"\"></div><div class=\"ui\"><div class=\"name\">${t.user}</div><div class=\"ts\">${r}</div></div></div><div class=\"it\"><div class=\"amt\">${a}</div><div class=\"st ${n}\"><span class=\"st-ic\"></span><span class=\"st-txt\">${i}</span></div></div>`,o&&l(e.querySelector(\".ts\"),r)}function c(){const e=new Date;return{ref:e.getTime(),user:n[Math.floor(Math.random()*n.length)]+` (${Math.floor(100*Math.random()).toString().padStart(3,\"0\")}-XXXX-${Math.floor(1e3*Math.random()).toString().padStart(3,\"0\")})`,amount:Math.floor(123e3*Math.random())+6999,iconUrl:i[Math.floor(Math.random()*i.length)],status:\"processing\"}}function d(){for(;r.length<5;){const e=c();e.status=\"completed\",r.push(e)}r.sort(((e,t)=>t.ref-e.ref)),a.innerHTML=\"\",r.forEach((e=>{const t=document.createElement(\"li\");t.className=\"wi\",s(t,e,!1),a.appendChild(t)}))}function p(){if(a.children.length<5)return;const e=a.lastElementChild;e.style.transition=\"opacity .4s ease, transform .4s ease, box-shadow .4s ease\",e.style.opacity=\"0\",e.style.transform=\"scale(.95)\",e.style.boxShadow=\"none\",setTimeout(()=>{r.pop();const t=c();r.unshift(t),s(e,t,!0),e.style.transition=\"none\",e.style.transform=\"scale(.95) translateX(-30px)\",a.prepend(e),setTimeout(()=>{e.style.transition=\"opacity .4s ease, transform .4s ease, box-shadow .4s ease\",e.style.opacity=\"1\",e.style.transform=\"scale(1) translateX(0)\"},50),localStorage.setItem(\"wh15\",JSON.stringify(r)),setTimeout(()=>{const t=r[0];if(t&&t.ref===t.ref){t.status=\"completed\";const o=document.getElementById(`itm-${t.ref}`);o&&s(o,t,!1),localStorage.setItem(\"wh15\",JSON.stringify(r))}},4e3)},400)}d(),setInterval(p,7e3)});</script>\r\n<script>\r\n  document.addEventListener('contextmenu', event => event.preventDefault());\r\n</body></html></script>",
        "\r\n\r\n    \r\n    \r\n\r\n    <style>\r\n        /* * สไตล์สำหรับ body นี้เป็นเพียงตัวอย่างเพื่อให้เห็นภาพชัดเจน\r\n         * คุณไม่จำเป็นต้องคัดลอกส่วนนี้ไปใช้ หากเว็บของคุณมีสไตล์อยู่แล้ว\r\n         */\r\n        body {\r\n            margin: 0;\r\n            background-color: #1a1a1a;\r\n            font-family: 'Sarabun', sans-serif;\r\n        }\r\n\r\n        /* --- ▼▼▼ นี่คือสไตล์ทั้งหมดที่จำเป็นสำหรับ Layout ของคุณ ▼▼▼ --- */\r\n\r\n        /* กล่องหลักที่ทำหน้าที่ \"จัดกึ่งกลาง\" ให้กับเนื้อหาของเรา */\r\n        .widget-container {\r\n            display: flex;\r\n            justify-content: center;\r\n            align-items: center;\r\n            padding: 2rem 1rem; /* เพิ่มระยะห่างบน-ล่าง และซ้าย-ขวาเล็กน้อย */\r\n            box-sizing: border-box;\r\n        }\r\n        \r\n        /* Container ที่ควบคุมการจัดวาง ซ้าย-ขวา */\r\n        .main-container {\r\n            display: flex;\r\n            flex-direction: row; /* จัดเรียงเป็นแนวนอน */\r\n            width: 100%;\r\n            max-width: 1400px; /* ความกว้างสูงสุดบนจอใหญ่ */\r\n            gap: 1.5rem; /* ระยะห่างระหว่าง 2 คอลัมน์ */\r\n        }\r\n\r\n        .column {\r\n            flex: 1;\r\n            min-width: 0;\r\n        }\r\n\r\n        .responsive-media {\r\n            width: 100%;\r\n            height: auto;\r\n            display: block;\r\n            border-radius: 12px;\r\n        }\r\n        \r\n        /* คำสั่งพิเศษสำหรับจอมือถือ (แคบกว่า 768px) */\r\n        @media (max-width: 0px) {\r\n            .main-container {\r\n                flex-direction: column; /* เปลี่ยนการจัดเรียงเป็นแนวตั้ง */\r\n            }\r\n        }\r\n        /* --- ▲▲▲ จบส่วนของสไตล์ที่จำเป็น ▲▲▲ --- */\r\n\r\n    </style>\r\n\r\n\r\n\r\n    <div class=\"widget-container\">\r\n        <div class=\"main-container\">\r\n\r\n            <div class=\"column left-column\">\r\n                <img class=\"responsive-media\" src=\"https://img5.pic.in.th/file/secure-sv1/26c39b1434d9a5fb5.png\" alt=\"Left Content\" loading=\"lazy\" decoding=\"async\" referrerpolicy=\"no-referrer\" />\r\n            </div>\r\n\r\n            <div class=\"column right-column\">\r\n                <img class=\"responsive-media\" src=\"https://img2.pic.in.th/pic/367dbac5fb65f6c0d.png\" alt=\"Right Content\" loading=\"lazy\" decoding=\"async\" referrerpolicy=\"no-referrer\" />\r\n            </div>\r\n\r\n        </div>\r\n    </div>\r\n    \r\n"
      ],
      "customHead": "",
      "customBodyEnd": "",
      "stickyFooterHtml": "",
      "gallery": [],
      "links": []
    }
  },
  "users": {}
}